{
  "precision": 0.9305555555555556,
  "recall": 0.9095022624434389,
  "best_params": {
    "learning_rate": 0.1,
    "max_depth": 7,
    "scale_pos_weight": 3,
    "subsample": 0.8
  }
}